Model,R²,RMSE,MAE
Random Forest,0.7958180633985201,0.04528178757913857,0.03437061557132692
CatBoost,0.9995047142899424,0.0022301948197512283,0.0013972218187322815
